src_id,target_id,score
recCQf57J2IVdcxpY,recqcIYe0dtKP1jbm,0.14285714285714285
recCQf57J2IVdcxpY,recVBiQz5oh6c2fZ1,0.14285714285714285
recCQf57J2IVdcxpY,recOlnIqyzPxtxCqo,0.14285714285714285
recCQf57J2IVdcxpY,recPd5zn0dwbHuMbK,0.14285714285714285
recCQf57J2IVdcxpY,recGdV5PvI4YJPfo8,0.14285714285714285
recCQf57J2IVdcxpY,recvWrrhb5lofJzhk,0.16666666666666666
recCQf57J2IVdcxpY,recrRjLKFzbXYNlqF,0.2
recqcIYe0dtKP1jbm,recvWrrhb5lofJzhk,0.14285714285714285
recqcIYe0dtKP1jbm,recrRjLKFzbXYNlqF,0.3333333333333333
recLaOtexm3AySNZf,rect9Hot4gifWfaLe,0.125
recLaOtexm3AySNZf,recu1WfIi2WwdV7mt,0.125
recLaOtexm3AySNZf,recg8Z8C4k9DmjJId,0.125
rect9Hot4gifWfaLe,recu1WfIi2WwdV7mt,0.5
recg8Z8C4k9DmjJId,rect9Hot4gifWfaLe,0.5
recg8Z8C4k9DmjJId,recu1WfIi2WwdV7mt,0.5
recIc0E6wOV4bXStk,recLaOtexm3AySNZf,0.125
recIc0E6wOV4bXStk,rect9Hot4gifWfaLe,0.5
recIc0E6wOV4bXStk,recu1WfIi2WwdV7mt,0.5
recIc0E6wOV4bXStk,recg8Z8C4k9DmjJId,0.5
recmfaVuWopCa4NWL,recvWrrhb5lofJzhk,0.11363636363636363
rec5h3jkUwC0pFVFQ,rec6Z14rGccT5ukG4,0.2
rec5h3jkUwC0pFVFQ,recDAWJfastRekdyB,0.5
rec5h3jkUwC0pFVFQ,rectYjEIgrGR7SffT,0.1111111111111111
rec5h3jkUwC0pFVFQ,recVBiQz5oh6c2fZ1,0.14285714285714285
rec5h3jkUwC0pFVFQ,recLEhS1xnpBcBY9I,0.2
rec5h3jkUwC0pFVFQ,recOlnIqyzPxtxCqo,0.14285714285714285
rec5h3jkUwC0pFVFQ,receEwyu3MCk3Ft8m,0.5
rec5h3jkUwC0pFVFQ,recWD7iTI1J2yEF39,0.2
rec5h3jkUwC0pFVFQ,rec5iz605vqgbs7EU,0.2
rec5h3jkUwC0pFVFQ,recPd5zn0dwbHuMbK,0.14285714285714285
rec5h3jkUwC0pFVFQ,recIEt8BOqeWWCRAp,0.2
rec5h3jkUwC0pFVFQ,recEFXjlnDhKcnQuD,0.2
rec5h3jkUwC0pFVFQ,recG9jEcsuRJrIWqM,0.2
rec5h3jkUwC0pFVFQ,recovMmWllkkp198I,0.14285714285714285
rec5h3jkUwC0pFVFQ,recDVHl5LxgAbavhs,0.2
rec5h3jkUwC0pFVFQ,recDtHJFmNP4Pbwhe,0.2
rec5h3jkUwC0pFVFQ,recD1zBTW3IbqSpRP,0.2
rec5h3jkUwC0pFVFQ,recDQFQcq7GDTKIwn,0.5
rec5h3jkUwC0pFVFQ,recYwo8aMaWxjkrFh,0.5
rec5h3jkUwC0pFVFQ,recarfmVX2CLjFh6C,0.2
rec5h3jkUwC0pFVFQ,recstsaTLU4szkJ5G,0.2
rec5h3jkUwC0pFVFQ,rec98dOGNBAUGqNzK,0.2
rec5h3jkUwC0pFVFQ,recJW7MRJHqZOHBAt,0.2
rec5h3jkUwC0pFVFQ,recLEH6dlVe1OpDMJ,0.2
rec5h3jkUwC0pFVFQ,reccYYkM3VqG7Twwa,0.2
rec5h3jkUwC0pFVFQ,recLvrKSlnPft0Oiz,0.2
rec6Z14rGccT5ukG4,recDAWJfastRekdyB,0.2
rec6Z14rGccT5ukG4,rectYjEIgrGR7SffT,0.1111111111111111
rec6Z14rGccT5ukG4,recVBiQz5oh6c2fZ1,0.14285714285714285
rec6Z14rGccT5ukG4,recLEhS1xnpBcBY9I,0.5
rec6Z14rGccT5ukG4,recOlnIqyzPxtxCqo,0.3333333333333333
rec6Z14rGccT5ukG4,receEwyu3MCk3Ft8m,0.2
rec6Z14rGccT5ukG4,recWD7iTI1J2yEF39,0.2
rec6Z14rGccT5ukG4,recPd5zn0dwbHuMbK,0.3333333333333333
rec6Z14rGccT5ukG4,recIEt8BOqeWWCRAp,0.2
rec6Z14rGccT5ukG4,recEFXjlnDhKcnQuD,0.2
rec6Z14rGccT5ukG4,recG9jEcsuRJrIWqM,0.2
rec6Z14rGccT5ukG4,recovMmWllkkp198I,0.14285714285714285
rec6Z14rGccT5ukG4,recDVHl5LxgAbavhs,0.2
rec6Z14rGccT5ukG4,recDtHJFmNP4Pbwhe,0.2
rec6Z14rGccT5ukG4,recD1zBTW3IbqSpRP,0.2
rec6Z14rGccT5ukG4,recDQFQcq7GDTKIwn,0.2
rec6Z14rGccT5ukG4,recYwo8aMaWxjkrFh,0.2
rec6Z14rGccT5ukG4,recarfmVX2CLjFh6C,0.2
rec6Z14rGccT5ukG4,recstsaTLU4szkJ5G,0.2
rec6Z14rGccT5ukG4,rec98dOGNBAUGqNzK,0.2
rec6Z14rGccT5ukG4,recJW7MRJHqZOHBAt,0.2
rec6Z14rGccT5ukG4,recLEH6dlVe1OpDMJ,0.5
rec6Z14rGccT5ukG4,reccYYkM3VqG7Twwa,0.2
rec6Z14rGccT5ukG4,recLvrKSlnPft0Oiz,0.2
recDAWJfastRekdyB,rectYjEIgrGR7SffT,0.1111111111111111
recDAWJfastRekdyB,recVBiQz5oh6c2fZ1,0.14285714285714285
recDAWJfastRekdyB,recLEhS1xnpBcBY9I,0.2
recDAWJfastRekdyB,recOlnIqyzPxtxCqo,0.14285714285714285
recDAWJfastRekdyB,receEwyu3MCk3Ft8m,0.5
recDAWJfastRekdyB,recWD7iTI1J2yEF39,0.2
recDAWJfastRekdyB,recPd5zn0dwbHuMbK,0.14285714285714285
recDAWJfastRekdyB,recIEt8BOqeWWCRAp,0.2
recDAWJfastRekdyB,recEFXjlnDhKcnQuD,0.2
recDAWJfastRekdyB,recG9jEcsuRJrIWqM,0.2
recDAWJfastRekdyB,recovMmWllkkp198I,0.14285714285714285
recDAWJfastRekdyB,recDVHl5LxgAbavhs,0.2
recDAWJfastRekdyB,recDtHJFmNP4Pbwhe,0.2
recDAWJfastRekdyB,recDQFQcq7GDTKIwn,0.5
recDAWJfastRekdyB,recYwo8aMaWxjkrFh,0.5
recDAWJfastRekdyB,recarfmVX2CLjFh6C,0.2
recDAWJfastRekdyB,recstsaTLU4szkJ5G,0.2
recDAWJfastRekdyB,recJW7MRJHqZOHBAt,0.2
recDAWJfastRekdyB,recLEH6dlVe1OpDMJ,0.2
recDAWJfastRekdyB,reccYYkM3VqG7Twwa,0.2
recDAWJfastRekdyB,recLvrKSlnPft0Oiz,0.2
rectYjEIgrGR7SffT,rectyftnQ7iheUAo0,0.25
recVBiQz5oh6c2fZ1,recqcIYe0dtKP1jbm,0.25
recVBiQz5oh6c2fZ1,rectYjEIgrGR7SffT,0.2
recVBiQz5oh6c2fZ1,receEwyu3MCk3Ft8m,0.14285714285714285
recVBiQz5oh6c2fZ1,recWD7iTI1J2yEF39,0.3333333333333333
recVBiQz5oh6c2fZ1,recovMmWllkkp198I,0.25
recVBiQz5oh6c2fZ1,recYwo8aMaWxjkrFh,0.14285714285714285
recVBiQz5oh6c2fZ1,recarfmVX2CLjFh6C,0.14285714285714285
recVBiQz5oh6c2fZ1,recstsaTLU4szkJ5G,0.3333333333333333
recVBiQz5oh6c2fZ1,reccYYkM3VqG7Twwa,0.14285714285714285
recVBiQz5oh6c2fZ1,rectyftnQ7iheUAo0,0.14285714285714285
recVBiQz5oh6c2fZ1,recrRjLKFzbXYNlqF,0.3333333333333333
recVBiQz5oh6c2fZ1,recdSrzoBFdkV7Y0s,0.14285714285714285
recLEhS1xnpBcBY9I,recqcIYe0dtKP1jbm,0.14285714285714285
recLEhS1xnpBcBY9I,rectYjEIgrGR7SffT,0.1111111111111111
recLEhS1xnpBcBY9I,recVBiQz5oh6c2fZ1,0.14285714285714285
recLEhS1xnpBcBY9I,recOlnIqyzPxtxCqo,0.3333333333333333
recLEhS1xnpBcBY9I,receEwyu3MCk3Ft8m,0.2
recLEhS1xnpBcBY9I,recWD7iTI1J2yEF39,0.2
recLEhS1xnpBcBY9I,recPd5zn0dwbHuMbK,0.3333333333333333
recLEhS1xnpBcBY9I,recovMmWllkkp198I,0.14285714285714285
recLEhS1xnpBcBY9I,recYwo8aMaWxjkrFh,0.2
recLEhS1xnpBcBY9I,recarfmVX2CLjFh6C,0.2
recLEhS1xnpBcBY9I,recstsaTLU4szkJ5G,0.2
recLEhS1xnpBcBY9I,reccYYkM3VqG7Twwa,0.2
recLEhS1xnpBcBY9I,recLvrKSlnPft0Oiz,0.2
recOlnIqyzPxtxCqo,recqcIYe0dtKP1jbm,0.25
recOlnIqyzPxtxCqo,rectYjEIgrGR7SffT,0.2
recOlnIqyzPxtxCqo,recVBiQz5oh6c2fZ1,0.42857142857142855
recOlnIqyzPxtxCqo,receEwyu3MCk3Ft8m,0.14285714285714285
recOlnIqyzPxtxCqo,recWD7iTI1J2yEF39,0.14285714285714285
recOlnIqyzPxtxCqo,recPd5zn0dwbHuMbK,0.6666666666666666
recOlnIqyzPxtxCqo,recovMmWllkkp198I,0.1111111111111111
recOlnIqyzPxtxCqo,recYwo8aMaWxjkrFh,0.14285714285714285
recOlnIqyzPxtxCqo,recarfmVX2CLjFh6C,0.14285714285714285
recOlnIqyzPxtxCqo,recstsaTLU4szkJ5G,0.14285714285714285
recOlnIqyzPxtxCqo,reccYYkM3VqG7Twwa,0.14285714285714285
recOlnIqyzPxtxCqo,recrRjLKFzbXYNlqF,0.3333333333333333
recOlnIqyzPxtxCqo,recdSrzoBFdkV7Y0s,0.14285714285714285
rec3gE0SxMEmHKUbO,rec5h3jkUwC0pFVFQ,0.5
rec3gE0SxMEmHKUbO,rec6Z14rGccT5ukG4,0.2
rec3gE0SxMEmHKUbO,recDAWJfastRekdyB,0.5
rec3gE0SxMEmHKUbO,rectYjEIgrGR7SffT,0.1111111111111111
rec3gE0SxMEmHKUbO,recVBiQz5oh6c2fZ1,0.14285714285714285
rec3gE0SxMEmHKUbO,recLEhS1xnpBcBY9I,0.2
rec3gE0SxMEmHKUbO,recOlnIqyzPxtxCqo,0.14285714285714285
rec3gE0SxMEmHKUbO,rec4Pk2DAfhZXN0yY,0.5
rec3gE0SxMEmHKUbO,receEwyu3MCk3Ft8m,0.5
rec3gE0SxMEmHKUbO,recWD7iTI1J2yEF39,0.2
rec3gE0SxMEmHKUbO,rec5iz605vqgbs7EU,0.2
rec3gE0SxMEmHKUbO,recPd5zn0dwbHuMbK,0.14285714285714285
rec3gE0SxMEmHKUbO,recIEt8BOqeWWCRAp,0.2
rec3gE0SxMEmHKUbO,recEFXjlnDhKcnQuD,0.2
rec3gE0SxMEmHKUbO,recG9jEcsuRJrIWqM,0.2
rec3gE0SxMEmHKUbO,recovMmWllkkp198I,0.14285714285714285
rec3gE0SxMEmHKUbO,recDVHl5LxgAbavhs,0.2
rec3gE0SxMEmHKUbO,recDtHJFmNP4Pbwhe,0.2
rec3gE0SxMEmHKUbO,recD1zBTW3IbqSpRP,0.2
rec3gE0SxMEmHKUbO,recDQFQcq7GDTKIwn,0.5
rec3gE0SxMEmHKUbO,recYwo8aMaWxjkrFh,0.5
rec3gE0SxMEmHKUbO,recarfmVX2CLjFh6C,0.2
rec3gE0SxMEmHKUbO,recstsaTLU4szkJ5G,0.2
rec3gE0SxMEmHKUbO,rec98dOGNBAUGqNzK,0.2
rec3gE0SxMEmHKUbO,recJW7MRJHqZOHBAt,0.2
rec3gE0SxMEmHKUbO,recLEH6dlVe1OpDMJ,0.2
rec3gE0SxMEmHKUbO,reccYYkM3VqG7Twwa,0.2
rec3gE0SxMEmHKUbO,recLvrKSlnPft0Oiz,0.2
rec4Pk2DAfhZXN0yY,rec5h3jkUwC0pFVFQ,0.5
rec4Pk2DAfhZXN0yY,rec6Z14rGccT5ukG4,0.2
rec4Pk2DAfhZXN0yY,recDAWJfastRekdyB,0.5
rec4Pk2DAfhZXN0yY,rectYjEIgrGR7SffT,0.1111111111111111
rec4Pk2DAfhZXN0yY,recVBiQz5oh6c2fZ1,0.14285714285714285
rec4Pk2DAfhZXN0yY,recLEhS1xnpBcBY9I,0.2
rec4Pk2DAfhZXN0yY,recOlnIqyzPxtxCqo,0.14285714285714285
rec4Pk2DAfhZXN0yY,receEwyu3MCk3Ft8m,0.5
rec4Pk2DAfhZXN0yY,recWD7iTI1J2yEF39,0.2
rec4Pk2DAfhZXN0yY,rec5iz605vqgbs7EU,0.2
rec4Pk2DAfhZXN0yY,recPd5zn0dwbHuMbK,0.14285714285714285
rec4Pk2DAfhZXN0yY,recIEt8BOqeWWCRAp,0.2
rec4Pk2DAfhZXN0yY,recEFXjlnDhKcnQuD,0.2
rec4Pk2DAfhZXN0yY,recG9jEcsuRJrIWqM,0.2
rec4Pk2DAfhZXN0yY,recovMmWllkkp198I,0.14285714285714285
rec4Pk2DAfhZXN0yY,recDVHl5LxgAbavhs,0.2
rec4Pk2DAfhZXN0yY,recDtHJFmNP4Pbwhe,0.2
rec4Pk2DAfhZXN0yY,recD1zBTW3IbqSpRP,0.2
rec4Pk2DAfhZXN0yY,recDQFQcq7GDTKIwn,0.5
rec4Pk2DAfhZXN0yY,recYwo8aMaWxjkrFh,0.5
rec4Pk2DAfhZXN0yY,recarfmVX2CLjFh6C,0.2
rec4Pk2DAfhZXN0yY,recstsaTLU4szkJ5G,0.2
rec4Pk2DAfhZXN0yY,rec98dOGNBAUGqNzK,0.2
rec4Pk2DAfhZXN0yY,recJW7MRJHqZOHBAt,0.2
rec4Pk2DAfhZXN0yY,recLEH6dlVe1OpDMJ,0.2
rec4Pk2DAfhZXN0yY,reccYYkM3VqG7Twwa,0.2
rec4Pk2DAfhZXN0yY,recLvrKSlnPft0Oiz,0.2
receEwyu3MCk3Ft8m,rectYjEIgrGR7SffT,0.1111111111111111
receEwyu3MCk3Ft8m,recovMmWllkkp198I,0.14285714285714285
receEwyu3MCk3Ft8m,recstsaTLU4szkJ5G,0.2
recWD7iTI1J2yEF39,rectYjEIgrGR7SffT,0.1111111111111111
recWD7iTI1J2yEF39,receEwyu3MCk3Ft8m,0.2
recWD7iTI1J2yEF39,recovMmWllkkp198I,0.14285714285714285
recWD7iTI1J2yEF39,recYwo8aMaWxjkrFh,0.2
recWD7iTI1J2yEF39,recarfmVX2CLjFh6C,0.2
recWD7iTI1J2yEF39,recstsaTLU4szkJ5G,0.5
recWD7iTI1J2yEF39,reccYYkM3VqG7Twwa,0.2
rec5iz605vqgbs7EU,rec6Z14rGccT5ukG4,0.5
rec5iz605vqgbs7EU,recDAWJfastRekdyB,0.2
rec5iz605vqgbs7EU,rectYjEIgrGR7SffT,0.1111111111111111
rec5iz605vqgbs7EU,recVBiQz5oh6c2fZ1,0.14285714285714285
rec5iz605vqgbs7EU,recLEhS1xnpBcBY9I,0.5
rec5iz605vqgbs7EU,recOlnIqyzPxtxCqo,0.3333333333333333
rec5iz605vqgbs7EU,receEwyu3MCk3Ft8m,0.2
rec5iz605vqgbs7EU,recWD7iTI1J2yEF39,0.2
rec5iz605vqgbs7EU,recPd5zn0dwbHuMbK,0.3333333333333333
rec5iz605vqgbs7EU,recIEt8BOqeWWCRAp,0.2
rec5iz605vqgbs7EU,recEFXjlnDhKcnQuD,0.2
rec5iz605vqgbs7EU,recG9jEcsuRJrIWqM,0.2
rec5iz605vqgbs7EU,recovMmWllkkp198I,0.14285714285714285
rec5iz605vqgbs7EU,recDVHl5LxgAbavhs,0.2
rec5iz605vqgbs7EU,recDtHJFmNP4Pbwhe,0.2
rec5iz605vqgbs7EU,recD1zBTW3IbqSpRP,0.2
rec5iz605vqgbs7EU,recDQFQcq7GDTKIwn,0.2
rec5iz605vqgbs7EU,recYwo8aMaWxjkrFh,0.2
rec5iz605vqgbs7EU,recarfmVX2CLjFh6C,0.2
rec5iz605vqgbs7EU,recstsaTLU4szkJ5G,0.2
rec5iz605vqgbs7EU,rec98dOGNBAUGqNzK,0.2
rec5iz605vqgbs7EU,recJW7MRJHqZOHBAt,0.2
rec5iz605vqgbs7EU,recLEH6dlVe1OpDMJ,0.5
rec5iz605vqgbs7EU,reccYYkM3VqG7Twwa,0.2
rec5iz605vqgbs7EU,recLvrKSlnPft0Oiz,0.2
recPd5zn0dwbHuMbK,recqcIYe0dtKP1jbm,0.25
recPd5zn0dwbHuMbK,rectYjEIgrGR7SffT,0.2
recPd5zn0dwbHuMbK,recVBiQz5oh6c2fZ1,0.42857142857142855
recPd5zn0dwbHuMbK,receEwyu3MCk3Ft8m,0.14285714285714285
recPd5zn0dwbHuMbK,recWD7iTI1J2yEF39,0.14285714285714285
recPd5zn0dwbHuMbK,recovMmWllkkp198I,0.1111111111111111
recPd5zn0dwbHuMbK,recYwo8aMaWxjkrFh,0.14285714285714285
recPd5zn0dwbHuMbK,recarfmVX2CLjFh6C,0.14285714285714285
recPd5zn0dwbHuMbK,recstsaTLU4szkJ5G,0.14285714285714285
recPd5zn0dwbHuMbK,reccYYkM3VqG7Twwa,0.14285714285714285
recPd5zn0dwbHuMbK,recrRjLKFzbXYNlqF,0.3333333333333333
recPd5zn0dwbHuMbK,recdSrzoBFdkV7Y0s,0.14285714285714285
recIEt8BOqeWWCRAp,rectYjEIgrGR7SffT,0.1111111111111111
recIEt8BOqeWWCRAp,recVBiQz5oh6c2fZ1,0.14285714285714285
recIEt8BOqeWWCRAp,recLEhS1xnpBcBY9I,0.2
recIEt8BOqeWWCRAp,recOlnIqyzPxtxCqo,0.14285714285714285
recIEt8BOqeWWCRAp,receEwyu3MCk3Ft8m,0.2
recIEt8BOqeWWCRAp,recWD7iTI1J2yEF39,0.2
recIEt8BOqeWWCRAp,recPd5zn0dwbHuMbK,0.14285714285714285
recIEt8BOqeWWCRAp,recovMmWllkkp198I,0.14285714285714285
recIEt8BOqeWWCRAp,recYwo8aMaWxjkrFh,0.2
recIEt8BOqeWWCRAp,recarfmVX2CLjFh6C,0.2
recIEt8BOqeWWCRAp,recstsaTLU4szkJ5G,0.2
recIEt8BOqeWWCRAp,recJW7MRJHqZOHBAt,0.2
recIEt8BOqeWWCRAp,recLEH6dlVe1OpDMJ,0.2
recIEt8BOqeWWCRAp,reccYYkM3VqG7Twwa,0.2
recIEt8BOqeWWCRAp,recLvrKSlnPft0Oiz,0.2
recEFXjlnDhKcnQuD,rectYjEIgrGR7SffT,0.25
recEFXjlnDhKcnQuD,recVBiQz5oh6c2fZ1,0.14285714285714285
recEFXjlnDhKcnQuD,recLEhS1xnpBcBY9I,0.2
recEFXjlnDhKcnQuD,recOlnIqyzPxtxCqo,0.14285714285714285
recEFXjlnDhKcnQuD,receEwyu3MCk3Ft8m,0.2
recEFXjlnDhKcnQuD,recWD7iTI1J2yEF39,0.2
recEFXjlnDhKcnQuD,recPd5zn0dwbHuMbK,0.14285714285714285
recEFXjlnDhKcnQuD,recIEt8BOqeWWCRAp,0.2
recEFXjlnDhKcnQuD,recG9jEcsuRJrIWqM,0.5
recEFXjlnDhKcnQuD,recovMmWllkkp198I,0.3333333333333333
recEFXjlnDhKcnQuD,recYwo8aMaWxjkrFh,0.2
recEFXjlnDhKcnQuD,recarfmVX2CLjFh6C,0.5
recEFXjlnDhKcnQuD,recstsaTLU4szkJ5G,0.2
recEFXjlnDhKcnQuD,recJW7MRJHqZOHBAt,0.5
recEFXjlnDhKcnQuD,recLEH6dlVe1OpDMJ,0.2
recEFXjlnDhKcnQuD,reccYYkM3VqG7Twwa,0.5
recEFXjlnDhKcnQuD,recLvrKSlnPft0Oiz,0.5
recG9jEcsuRJrIWqM,rectYjEIgrGR7SffT,0.25
recG9jEcsuRJrIWqM,recVBiQz5oh6c2fZ1,0.14285714285714285
recG9jEcsuRJrIWqM,recLEhS1xnpBcBY9I,0.2
recG9jEcsuRJrIWqM,recOlnIqyzPxtxCqo,0.14285714285714285
recG9jEcsuRJrIWqM,receEwyu3MCk3Ft8m,0.2
recG9jEcsuRJrIWqM,recWD7iTI1J2yEF39,0.2
recG9jEcsuRJrIWqM,recPd5zn0dwbHuMbK,0.14285714285714285
recG9jEcsuRJrIWqM,recIEt8BOqeWWCRAp,0.2
recG9jEcsuRJrIWqM,recovMmWllkkp198I,0.3333333333333333
recG9jEcsuRJrIWqM,recYwo8aMaWxjkrFh,0.2
recG9jEcsuRJrIWqM,recarfmVX2CLjFh6C,0.5
recG9jEcsuRJrIWqM,recstsaTLU4szkJ5G,0.2
recG9jEcsuRJrIWqM,recJW7MRJHqZOHBAt,0.5
recG9jEcsuRJrIWqM,recLEH6dlVe1OpDMJ,0.2
recG9jEcsuRJrIWqM,reccYYkM3VqG7Twwa,0.5
recG9jEcsuRJrIWqM,recLvrKSlnPft0Oiz,0.5
recovMmWllkkp198I,rectYjEIgrGR7SffT,0.3333333333333333
recovMmWllkkp198I,recstsaTLU4szkJ5G,0.14285714285714285
recovMmWllkkp198I,rectyftnQ7iheUAo0,0.3333333333333333
recDVHl5LxgAbavhs,rectYjEIgrGR7SffT,0.1111111111111111
recDVHl5LxgAbavhs,recVBiQz5oh6c2fZ1,0.3333333333333333
recDVHl5LxgAbavhs,recLEhS1xnpBcBY9I,0.2
recDVHl5LxgAbavhs,recOlnIqyzPxtxCqo,0.14285714285714285
recDVHl5LxgAbavhs,receEwyu3MCk3Ft8m,0.2
recDVHl5LxgAbavhs,recWD7iTI1J2yEF39,0.5
recDVHl5LxgAbavhs,recPd5zn0dwbHuMbK,0.14285714285714285
recDVHl5LxgAbavhs,recIEt8BOqeWWCRAp,0.2
recDVHl5LxgAbavhs,recEFXjlnDhKcnQuD,0.2
recDVHl5LxgAbavhs,recG9jEcsuRJrIWqM,0.2
recDVHl5LxgAbavhs,recovMmWllkkp198I,0.14285714285714285
recDVHl5LxgAbavhs,recDtHJFmNP4Pbwhe,0.2
recDVHl5LxgAbavhs,recYwo8aMaWxjkrFh,0.2
recDVHl5LxgAbavhs,recarfmVX2CLjFh6C,0.2
recDVHl5LxgAbavhs,recstsaTLU4szkJ5G,0.5
recDVHl5LxgAbavhs,recJW7MRJHqZOHBAt,0.2
recDVHl5LxgAbavhs,recLEH6dlVe1OpDMJ,0.2
recDVHl5LxgAbavhs,reccYYkM3VqG7Twwa,0.2
recDVHl5LxgAbavhs,recLvrKSlnPft0Oiz,0.2
recDtHJFmNP4Pbwhe,rectYjEIgrGR7SffT,0.1111111111111111
recDtHJFmNP4Pbwhe,recVBiQz5oh6c2fZ1,0.14285714285714285
recDtHJFmNP4Pbwhe,recLEhS1xnpBcBY9I,0.2
recDtHJFmNP4Pbwhe,recOlnIqyzPxtxCqo,0.14285714285714285
recDtHJFmNP4Pbwhe,receEwyu3MCk3Ft8m,0.2
recDtHJFmNP4Pbwhe,recWD7iTI1J2yEF39,0.2
recDtHJFmNP4Pbwhe,recPd5zn0dwbHuMbK,0.14285714285714285
recDtHJFmNP4Pbwhe,recIEt8BOqeWWCRAp,0.2
recDtHJFmNP4Pbwhe,recEFXjlnDhKcnQuD,0.2
recDtHJFmNP4Pbwhe,recG9jEcsuRJrIWqM,0.2
recDtHJFmNP4Pbwhe,recovMmWllkkp198I,0.14285714285714285
recDtHJFmNP4Pbwhe,recYwo8aMaWxjkrFh,0.2
recDtHJFmNP4Pbwhe,recarfmVX2CLjFh6C,0.2
recDtHJFmNP4Pbwhe,recstsaTLU4szkJ5G,0.2
recDtHJFmNP4Pbwhe,recJW7MRJHqZOHBAt,0.2
recDtHJFmNP4Pbwhe,recLEH6dlVe1OpDMJ,0.2
recDtHJFmNP4Pbwhe,reccYYkM3VqG7Twwa,0.2
recDtHJFmNP4Pbwhe,recLvrKSlnPft0Oiz,0.2
recD1zBTW3IbqSpRP,recDAWJfastRekdyB,0.2
recD1zBTW3IbqSpRP,rectYjEIgrGR7SffT,0.25
recD1zBTW3IbqSpRP,recVBiQz5oh6c2fZ1,0.14285714285714285
recD1zBTW3IbqSpRP,recLEhS1xnpBcBY9I,0.2
recD1zBTW3IbqSpRP,recOlnIqyzPxtxCqo,0.14285714285714285
recD1zBTW3IbqSpRP,receEwyu3MCk3Ft8m,0.2
recD1zBTW3IbqSpRP,recWD7iTI1J2yEF39,0.2
recD1zBTW3IbqSpRP,recPd5zn0dwbHuMbK,0.14285714285714285
recD1zBTW3IbqSpRP,recIEt8BOqeWWCRAp,0.2
recD1zBTW3IbqSpRP,recEFXjlnDhKcnQuD,0.5
recD1zBTW3IbqSpRP,recG9jEcsuRJrIWqM,0.5
recD1zBTW3IbqSpRP,recovMmWllkkp198I,0.3333333333333333
recD1zBTW3IbqSpRP,recDVHl5LxgAbavhs,0.2
recD1zBTW3IbqSpRP,recDtHJFmNP4Pbwhe,0.2
recD1zBTW3IbqSpRP,recDQFQcq7GDTKIwn,0.2
recD1zBTW3IbqSpRP,recYwo8aMaWxjkrFh,0.2
recD1zBTW3IbqSpRP,recarfmVX2CLjFh6C,0.5
recD1zBTW3IbqSpRP,recstsaTLU4szkJ5G,0.2
recD1zBTW3IbqSpRP,recJW7MRJHqZOHBAt,0.5
recD1zBTW3IbqSpRP,recLEH6dlVe1OpDMJ,0.2
recD1zBTW3IbqSpRP,reccYYkM3VqG7Twwa,0.5
recD1zBTW3IbqSpRP,recLvrKSlnPft0Oiz,0.5
recDQFQcq7GDTKIwn,rectYjEIgrGR7SffT,0.1111111111111111
recDQFQcq7GDTKIwn,recVBiQz5oh6c2fZ1,0.14285714285714285
recDQFQcq7GDTKIwn,recLEhS1xnpBcBY9I,0.2
recDQFQcq7GDTKIwn,recOlnIqyzPxtxCqo,0.14285714285714285
recDQFQcq7GDTKIwn,receEwyu3MCk3Ft8m,0.5
recDQFQcq7GDTKIwn,recWD7iTI1J2yEF39,0.2
recDQFQcq7GDTKIwn,recPd5zn0dwbHuMbK,0.14285714285714285
recDQFQcq7GDTKIwn,recIEt8BOqeWWCRAp,0.2
recDQFQcq7GDTKIwn,recEFXjlnDhKcnQuD,0.2
recDQFQcq7GDTKIwn,recG9jEcsuRJrIWqM,0.5
recDQFQcq7GDTKIwn,recovMmWllkkp198I,0.14285714285714285
recDQFQcq7GDTKIwn,recDVHl5LxgAbavhs,0.2
recDQFQcq7GDTKIwn,recDtHJFmNP4Pbwhe,0.2
recDQFQcq7GDTKIwn,recYwo8aMaWxjkrFh,0.5
recDQFQcq7GDTKIwn,recarfmVX2CLjFh6C,0.2
recDQFQcq7GDTKIwn,recstsaTLU4szkJ5G,0.2
recDQFQcq7GDTKIwn,recJW7MRJHqZOHBAt,0.2
recDQFQcq7GDTKIwn,recLEH6dlVe1OpDMJ,0.2
recDQFQcq7GDTKIwn,reccYYkM3VqG7Twwa,0.2
recDQFQcq7GDTKIwn,recLvrKSlnPft0Oiz,0.2
recYwo8aMaWxjkrFh,rectYjEIgrGR7SffT,0.1111111111111111
recYwo8aMaWxjkrFh,receEwyu3MCk3Ft8m,0.5
recYwo8aMaWxjkrFh,recovMmWllkkp198I,0.14285714285714285
recYwo8aMaWxjkrFh,recarfmVX2CLjFh6C,0.2
recYwo8aMaWxjkrFh,recstsaTLU4szkJ5G,0.2
recYwo8aMaWxjkrFh,reccYYkM3VqG7Twwa,0.2
recYwo8aMaWxjkrFh,recrRjLKFzbXYNlqF,0.2
recarfmVX2CLjFh6C,rectYjEIgrGR7SffT,0.25
recarfmVX2CLjFh6C,receEwyu3MCk3Ft8m,0.2
recarfmVX2CLjFh6C,recovMmWllkkp198I,0.3333333333333333
recarfmVX2CLjFh6C,recstsaTLU4szkJ5G,0.2
recarfmVX2CLjFh6C,reccYYkM3VqG7Twwa,0.5
recstsaTLU4szkJ5G,rectYjEIgrGR7SffT,0.1111111111111111
rec98dOGNBAUGqNzK,recDAWJfastRekdyB,0.2
rec98dOGNBAUGqNzK,rectYjEIgrGR7SffT,0.25
rec98dOGNBAUGqNzK,recVBiQz5oh6c2fZ1,0.14285714285714285
rec98dOGNBAUGqNzK,recLEhS1xnpBcBY9I,0.2
rec98dOGNBAUGqNzK,recOlnIqyzPxtxCqo,0.14285714285714285
rec98dOGNBAUGqNzK,receEwyu3MCk3Ft8m,0.2
rec98dOGNBAUGqNzK,recWD7iTI1J2yEF39,0.2
rec98dOGNBAUGqNzK,recPd5zn0dwbHuMbK,0.14285714285714285
rec98dOGNBAUGqNzK,recIEt8BOqeWWCRAp,0.2
rec98dOGNBAUGqNzK,recEFXjlnDhKcnQuD,0.5
rec98dOGNBAUGqNzK,recG9jEcsuRJrIWqM,0.5
rec98dOGNBAUGqNzK,recovMmWllkkp198I,0.3333333333333333
rec98dOGNBAUGqNzK,recDVHl5LxgAbavhs,0.2
rec98dOGNBAUGqNzK,recDtHJFmNP4Pbwhe,0.2
rec98dOGNBAUGqNzK,recD1zBTW3IbqSpRP,0.5
rec98dOGNBAUGqNzK,recDQFQcq7GDTKIwn,0.2
rec98dOGNBAUGqNzK,recYwo8aMaWxjkrFh,0.2
rec98dOGNBAUGqNzK,recarfmVX2CLjFh6C,0.5
rec98dOGNBAUGqNzK,recstsaTLU4szkJ5G,0.2
rec98dOGNBAUGqNzK,recJW7MRJHqZOHBAt,0.5
rec98dOGNBAUGqNzK,recLEH6dlVe1OpDMJ,0.2
rec98dOGNBAUGqNzK,reccYYkM3VqG7Twwa,0.5
rec98dOGNBAUGqNzK,recLvrKSlnPft0Oiz,0.5
recJW7MRJHqZOHBAt,rectYjEIgrGR7SffT,0.25
recJW7MRJHqZOHBAt,recVBiQz5oh6c2fZ1,0.14285714285714285
recJW7MRJHqZOHBAt,recLEhS1xnpBcBY9I,0.2
recJW7MRJHqZOHBAt,recOlnIqyzPxtxCqo,0.14285714285714285
recJW7MRJHqZOHBAt,receEwyu3MCk3Ft8m,0.2
recJW7MRJHqZOHBAt,recWD7iTI1J2yEF39,0.2
recJW7MRJHqZOHBAt,recPd5zn0dwbHuMbK,0.14285714285714285
recJW7MRJHqZOHBAt,recovMmWllkkp198I,0.3333333333333333
recJW7MRJHqZOHBAt,recYwo8aMaWxjkrFh,0.2
recJW7MRJHqZOHBAt,recarfmVX2CLjFh6C,0.5
recJW7MRJHqZOHBAt,recstsaTLU4szkJ5G,0.2
recJW7MRJHqZOHBAt,recLEH6dlVe1OpDMJ,0.2
recJW7MRJHqZOHBAt,reccYYkM3VqG7Twwa,0.5
recJW7MRJHqZOHBAt,recLvrKSlnPft0Oiz,0.5
recLEH6dlVe1OpDMJ,rectYjEIgrGR7SffT,0.1111111111111111
recLEH6dlVe1OpDMJ,recVBiQz5oh6c2fZ1,0.14285714285714285
recLEH6dlVe1OpDMJ,recLEhS1xnpBcBY9I,0.5
recLEH6dlVe1OpDMJ,recOlnIqyzPxtxCqo,0.6
recLEH6dlVe1OpDMJ,receEwyu3MCk3Ft8m,0.2
recLEH6dlVe1OpDMJ,recWD7iTI1J2yEF39,0.2
recLEH6dlVe1OpDMJ,recPd5zn0dwbHuMbK,0.3333333333333333
recLEH6dlVe1OpDMJ,recovMmWllkkp198I,0.14285714285714285
recLEH6dlVe1OpDMJ,recYwo8aMaWxjkrFh,0.2
recLEH6dlVe1OpDMJ,recarfmVX2CLjFh6C,0.2
recLEH6dlVe1OpDMJ,recstsaTLU4szkJ5G,0.2
recLEH6dlVe1OpDMJ,reccYYkM3VqG7Twwa,0.2
recLEH6dlVe1OpDMJ,recLvrKSlnPft0Oiz,0.2
reccYYkM3VqG7Twwa,rectYjEIgrGR7SffT,0.25
reccYYkM3VqG7Twwa,receEwyu3MCk3Ft8m,0.2
reccYYkM3VqG7Twwa,recovMmWllkkp198I,0.3333333333333333
reccYYkM3VqG7Twwa,recstsaTLU4szkJ5G,0.2
recLvrKSlnPft0Oiz,rectYjEIgrGR7SffT,0.25
recLvrKSlnPft0Oiz,recVBiQz5oh6c2fZ1,0.14285714285714285
recLvrKSlnPft0Oiz,recOlnIqyzPxtxCqo,0.14285714285714285
recLvrKSlnPft0Oiz,receEwyu3MCk3Ft8m,0.2
recLvrKSlnPft0Oiz,recWD7iTI1J2yEF39,0.2
recLvrKSlnPft0Oiz,recPd5zn0dwbHuMbK,0.14285714285714285
recLvrKSlnPft0Oiz,recovMmWllkkp198I,0.3333333333333333
recLvrKSlnPft0Oiz,recYwo8aMaWxjkrFh,0.2
recLvrKSlnPft0Oiz,recarfmVX2CLjFh6C,0.5
recLvrKSlnPft0Oiz,recstsaTLU4szkJ5G,0.2
recLvrKSlnPft0Oiz,reccYYkM3VqG7Twwa,0.5
rec1MtBxXqJmVncOH,rec5h3jkUwC0pFVFQ,0.5
rec1MtBxXqJmVncOH,rec6Z14rGccT5ukG4,0.2
rec1MtBxXqJmVncOH,recDAWJfastRekdyB,0.5
rec1MtBxXqJmVncOH,rectYjEIgrGR7SffT,0.1111111111111111
rec1MtBxXqJmVncOH,recVBiQz5oh6c2fZ1,0.14285714285714285
rec1MtBxXqJmVncOH,recLEhS1xnpBcBY9I,0.2
rec1MtBxXqJmVncOH,recOlnIqyzPxtxCqo,0.14285714285714285
rec1MtBxXqJmVncOH,rec3gE0SxMEmHKUbO,0.5
rec1MtBxXqJmVncOH,rec4Pk2DAfhZXN0yY,0.5
rec1MtBxXqJmVncOH,receEwyu3MCk3Ft8m,0.5
rec1MtBxXqJmVncOH,recWD7iTI1J2yEF39,0.2
rec1MtBxXqJmVncOH,rec5iz605vqgbs7EU,0.2
rec1MtBxXqJmVncOH,recPd5zn0dwbHuMbK,0.14285714285714285
rec1MtBxXqJmVncOH,recIEt8BOqeWWCRAp,0.2
rec1MtBxXqJmVncOH,recEFXjlnDhKcnQuD,0.2
rec1MtBxXqJmVncOH,recG9jEcsuRJrIWqM,0.2
rec1MtBxXqJmVncOH,recovMmWllkkp198I,0.14285714285714285
rec1MtBxXqJmVncOH,recDVHl5LxgAbavhs,0.2
rec1MtBxXqJmVncOH,recDtHJFmNP4Pbwhe,0.2
rec1MtBxXqJmVncOH,recD1zBTW3IbqSpRP,0.2
rec1MtBxXqJmVncOH,recDQFQcq7GDTKIwn,0.5
rec1MtBxXqJmVncOH,recYwo8aMaWxjkrFh,0.5
rec1MtBxXqJmVncOH,recarfmVX2CLjFh6C,0.2
rec1MtBxXqJmVncOH,recstsaTLU4szkJ5G,0.2
rec1MtBxXqJmVncOH,rec98dOGNBAUGqNzK,0.2
rec1MtBxXqJmVncOH,recJW7MRJHqZOHBAt,0.2
rec1MtBxXqJmVncOH,recLEH6dlVe1OpDMJ,0.2
rec1MtBxXqJmVncOH,reccYYkM3VqG7Twwa,0.2
rec1MtBxXqJmVncOH,recLvrKSlnPft0Oiz,0.2
recrFxbBWUSD3p0ef,recvWrrhb5lofJzhk,0.125
recj2XHPgSzZi49L6,rectYjEIgrGR7SffT,0.375
recj2XHPgSzZi49L6,recovMmWllkkp198I,0.2857142857142857
recj2XHPgSzZi49L6,recrFxbBWUSD3p0ef,0.1
recj2XHPgSzZi49L6,rectyftnQ7iheUAo0,0.16666666666666666
recGdV5PvI4YJPfo8,recqcIYe0dtKP1jbm,0.42857142857142855
recGdV5PvI4YJPfo8,rectYjEIgrGR7SffT,0.2
recGdV5PvI4YJPfo8,recVBiQz5oh6c2fZ1,0.25
recGdV5PvI4YJPfo8,recLEhS1xnpBcBY9I,0.14285714285714285
recGdV5PvI4YJPfo8,recOlnIqyzPxtxCqo,0.25
recGdV5PvI4YJPfo8,recPd5zn0dwbHuMbK,0.25
recGdV5PvI4YJPfo8,recovMmWllkkp198I,0.25
recGdV5PvI4YJPfo8,recj2XHPgSzZi49L6,0.2857142857142857
recGdV5PvI4YJPfo8,rectyftnQ7iheUAo0,0.14285714285714285
recGdV5PvI4YJPfo8,recrRjLKFzbXYNlqF,0.3333333333333333
recGdV5PvI4YJPfo8,recdSrzoBFdkV7Y0s,0.14285714285714285
recrRjLKFzbXYNlqF,rectYjEIgrGR7SffT,0.1111111111111111
recdSrzoBFdkV7Y0s,recqcIYe0dtKP1jbm,0.3333333333333333
recdSrzoBFdkV7Y0s,rectYjEIgrGR7SffT,0.1111111111111111
recdSrzoBFdkV7Y0s,recrRjLKFzbXYNlqF,0.2
rec7XffGAW1gcsAQg,recEBTEser3AeIxN9,0.2
rec7XffGAW1gcsAQg,recqS1AlLbQaDMKdl,0.2
rec7XffGAW1gcsAQg,recsnWdUvVNG5eCDN,0.2
rec7XffGAW1gcsAQg,recYvzJa38wvW3has,0.2
rec7XffGAW1gcsAQg,recmhXLBHM0ojEUpM,0.2
rec7XffGAW1gcsAQg,recut02k6vw3EhbBd,0.2
rec7XffGAW1gcsAQg,recI6j7uyRpdQ6qbi,0.2
rec7XffGAW1gcsAQg,rech52Jf9bEK876O7,0.2
rec7XffGAW1gcsAQg,recqzPUKUI6ea2waE,0.5
rec7XffGAW1gcsAQg,rec7hWbjNjs4OaxbF,0.2
rec7XffGAW1gcsAQg,recmFjV3pyLOAWGZR,0.2
rec7XffGAW1gcsAQg,recVvhOJ4A5ACKHBD,1.0
rec7XffGAW1gcsAQg,reckbbQ4bVXpT5tt6,0.2
rec7XffGAW1gcsAQg,recPDAAowZvxOLfZG,0.2
rec7XffGAW1gcsAQg,recE9hTdJ1NcKeUUW,0.2
rec7XffGAW1gcsAQg,recNeR4Vz4k4rwiXu,0.2
rec7XffGAW1gcsAQg,recB6JBdEYTlqjBiE,0.2
rec7XffGAW1gcsAQg,recgnLYgU1YVrXQRG,0.2
rec7XffGAW1gcsAQg,recg6nARD4SpvtM3q,0.2
rec7XffGAW1gcsAQg,rec9lpG4jsECuGnBj,0.2
rec7XffGAW1gcsAQg,recd3roXCrQWIrG43,0.2
rec7XffGAW1gcsAQg,rec8IdAu8kY2GvqET,0.2
rec7XffGAW1gcsAQg,rec98zP5dy7A5rjGX,0.2
rec7XffGAW1gcsAQg,recW8JI7X1eMwD1Sx,0.2
rec7XffGAW1gcsAQg,recleq5RNTKKnewqv,0.2
rec7XffGAW1gcsAQg,recwUkF63BaZKdF6O,0.2
recEBTEser3AeIxN9,recqS1AlLbQaDMKdl,0.5
recEBTEser3AeIxN9,recsnWdUvVNG5eCDN,0.5
recEBTEser3AeIxN9,recYvzJa38wvW3has,0.2
recEBTEser3AeIxN9,recmhXLBHM0ojEUpM,0.2
recEBTEser3AeIxN9,recut02k6vw3EhbBd,1.0
recEBTEser3AeIxN9,recI6j7uyRpdQ6qbi,0.2
recEBTEser3AeIxN9,rech52Jf9bEK876O7,0.2
recEBTEser3AeIxN9,recqzPUKUI6ea2waE,0.2
recEBTEser3AeIxN9,recmFjV3pyLOAWGZR,0.5
recEBTEser3AeIxN9,recVvhOJ4A5ACKHBD,0.2
recEBTEser3AeIxN9,reckbbQ4bVXpT5tt6,0.2
recEBTEser3AeIxN9,recPDAAowZvxOLfZG,0.2
recEBTEser3AeIxN9,recNeR4Vz4k4rwiXu,0.2
recEBTEser3AeIxN9,recgnLYgU1YVrXQRG,0.5
recEBTEser3AeIxN9,recg6nARD4SpvtM3q,0.2
recEBTEser3AeIxN9,recd3roXCrQWIrG43,0.2
recEBTEser3AeIxN9,recW8JI7X1eMwD1Sx,0.5
recEBTEser3AeIxN9,recleq5RNTKKnewqv,0.2
recEBTEser3AeIxN9,recwUkF63BaZKdF6O,0.2
rec2t0Z05I5EAFVoo,rec7XffGAW1gcsAQg,0.2
rec2t0Z05I5EAFVoo,recEBTEser3AeIxN9,1.0
rec2t0Z05I5EAFVoo,recqS1AlLbQaDMKdl,0.5
rec2t0Z05I5EAFVoo,recsnWdUvVNG5eCDN,0.5
rec2t0Z05I5EAFVoo,recYvzJa38wvW3has,0.2
rec2t0Z05I5EAFVoo,recmhXLBHM0ojEUpM,0.2
rec2t0Z05I5EAFVoo,recut02k6vw3EhbBd,1.0
rec2t0Z05I5EAFVoo,recI6j7uyRpdQ6qbi,0.2
rec2t0Z05I5EAFVoo,rec5BIzkMJK3WN63K,0.2
rec2t0Z05I5EAFVoo,rech52Jf9bEK876O7,0.2
rec2t0Z05I5EAFVoo,recqzPUKUI6ea2waE,0.2
rec2t0Z05I5EAFVoo,rec3BUU3HcprYrFE4,0.2
rec2t0Z05I5EAFVoo,rec7hWbjNjs4OaxbF,0.2
rec2t0Z05I5EAFVoo,recmFjV3pyLOAWGZR,0.5
rec2t0Z05I5EAFVoo,recVvhOJ4A5ACKHBD,0.2
rec2t0Z05I5EAFVoo,reckbbQ4bVXpT5tt6,0.2
rec2t0Z05I5EAFVoo,recPDAAowZvxOLfZG,0.2
rec2t0Z05I5EAFVoo,recE9hTdJ1NcKeUUW,0.2
rec2t0Z05I5EAFVoo,recNeR4Vz4k4rwiXu,0.2
rec2t0Z05I5EAFVoo,rec6ru9wfN50dsya1,0.2
rec2t0Z05I5EAFVoo,recB6JBdEYTlqjBiE,0.5
rec2t0Z05I5EAFVoo,recgnLYgU1YVrXQRG,0.5
rec2t0Z05I5EAFVoo,recg6nARD4SpvtM3q,0.2
rec2t0Z05I5EAFVoo,rec9lpG4jsECuGnBj,0.2
rec2t0Z05I5EAFVoo,recd3roXCrQWIrG43,0.2
rec2t0Z05I5EAFVoo,rec8IdAu8kY2GvqET,0.2
rec2t0Z05I5EAFVoo,rec98zP5dy7A5rjGX,0.5
rec2t0Z05I5EAFVoo,recW8JI7X1eMwD1Sx,0.5
rec2t0Z05I5EAFVoo,recleq5RNTKKnewqv,0.2
rec2t0Z05I5EAFVoo,recwUkF63BaZKdF6O,0.2
recqS1AlLbQaDMKdl,recsnWdUvVNG5eCDN,0.5
recqS1AlLbQaDMKdl,recut02k6vw3EhbBd,0.5
recqS1AlLbQaDMKdl,recqzPUKUI6ea2waE,0.2
recqS1AlLbQaDMKdl,recwUkF63BaZKdF6O,0.2
recsnWdUvVNG5eCDN,recut02k6vw3EhbBd,0.5
recsnWdUvVNG5eCDN,recwUkF63BaZKdF6O,0.2
recYvzJa38wvW3has,recqS1AlLbQaDMKdl,0.2
recYvzJa38wvW3has,recsnWdUvVNG5eCDN,0.2
recYvzJa38wvW3has,recmhXLBHM0ojEUpM,0.2
recYvzJa38wvW3has,recut02k6vw3EhbBd,0.2
recYvzJa38wvW3has,rech52Jf9bEK876O7,0.2
recYvzJa38wvW3has,recqzPUKUI6ea2waE,0.2
recYvzJa38wvW3has,recmFjV3pyLOAWGZR,0.2
recYvzJa38wvW3has,reckbbQ4bVXpT5tt6,0.2
recYvzJa38wvW3has,recgnLYgU1YVrXQRG,0.2
recYvzJa38wvW3has,recg6nARD4SpvtM3q,0.2
recYvzJa38wvW3has,recd3roXCrQWIrG43,0.2
recYvzJa38wvW3has,recleq5RNTKKnewqv,0.2
recYvzJa38wvW3has,recwUkF63BaZKdF6O,0.2
recmhXLBHM0ojEUpM,recqS1AlLbQaDMKdl,0.2
recmhXLBHM0ojEUpM,recsnWdUvVNG5eCDN,0.2
recmhXLBHM0ojEUpM,recut02k6vw3EhbBd,0.2
recmhXLBHM0ojEUpM,recqzPUKUI6ea2waE,0.2
recmhXLBHM0ojEUpM,recwUkF63BaZKdF6O,0.2
recut02k6vw3EhbBd,recwUkF63BaZKdF6O,0.2
recI6j7uyRpdQ6qbi,recqS1AlLbQaDMKdl,0.2
recI6j7uyRpdQ6qbi,recsnWdUvVNG5eCDN,0.2
recI6j7uyRpdQ6qbi,recYvzJa38wvW3has,0.2
recI6j7uyRpdQ6qbi,recmhXLBHM0ojEUpM,0.2
recI6j7uyRpdQ6qbi,recut02k6vw3EhbBd,0.2
recI6j7uyRpdQ6qbi,rech52Jf9bEK876O7,0.2
recI6j7uyRpdQ6qbi,recqzPUKUI6ea2waE,0.2
recI6j7uyRpdQ6qbi,recmFjV3pyLOAWGZR,0.2
recI6j7uyRpdQ6qbi,recVvhOJ4A5ACKHBD,0.2
recI6j7uyRpdQ6qbi,reckbbQ4bVXpT5tt6,0.2
recI6j7uyRpdQ6qbi,recPDAAowZvxOLfZG,0.2
recI6j7uyRpdQ6qbi,recNeR4Vz4k4rwiXu,0.2
recI6j7uyRpdQ6qbi,recgnLYgU1YVrXQRG,0.2
recI6j7uyRpdQ6qbi,recg6nARD4SpvtM3q,0.2
recI6j7uyRpdQ6qbi,recd3roXCrQWIrG43,0.2
recI6j7uyRpdQ6qbi,recW8JI7X1eMwD1Sx,0.2
recI6j7uyRpdQ6qbi,recleq5RNTKKnewqv,0.5
recI6j7uyRpdQ6qbi,recwUkF63BaZKdF6O,0.2
rec5BIzkMJK3WN63K,rec7XffGAW1gcsAQg,0.2
rec5BIzkMJK3WN63K,recEBTEser3AeIxN9,0.2
rec5BIzkMJK3WN63K,recqS1AlLbQaDMKdl,0.2
rec5BIzkMJK3WN63K,recsnWdUvVNG5eCDN,0.2
rec5BIzkMJK3WN63K,recYvzJa38wvW3has,0.2
rec5BIzkMJK3WN63K,recmhXLBHM0ojEUpM,0.2
rec5BIzkMJK3WN63K,recut02k6vw3EhbBd,0.2
rec5BIzkMJK3WN63K,recI6j7uyRpdQ6qbi,0.2
rec5BIzkMJK3WN63K,rech52Jf9bEK876O7,0.2
rec5BIzkMJK3WN63K,recqzPUKUI6ea2waE,0.2
rec5BIzkMJK3WN63K,rec7hWbjNjs4OaxbF,0.2
rec5BIzkMJK3WN63K,recmFjV3pyLOAWGZR,0.2
rec5BIzkMJK3WN63K,recVvhOJ4A5ACKHBD,0.2
rec5BIzkMJK3WN63K,reckbbQ4bVXpT5tt6,0.2
rec5BIzkMJK3WN63K,recPDAAowZvxOLfZG,0.2
rec5BIzkMJK3WN63K,recE9hTdJ1NcKeUUW,0.5
rec5BIzkMJK3WN63K,recNeR4Vz4k4rwiXu,0.2
rec5BIzkMJK3WN63K,rec6ru9wfN50dsya1,0.2
rec5BIzkMJK3WN63K,recB6JBdEYTlqjBiE,0.2
rec5BIzkMJK3WN63K,recgnLYgU1YVrXQRG,0.2
rec5BIzkMJK3WN63K,recg6nARD4SpvtM3q,0.2
rec5BIzkMJK3WN63K,rec9lpG4jsECuGnBj,0.2
rec5BIzkMJK3WN63K,recd3roXCrQWIrG43,0.2
rec5BIzkMJK3WN63K,rec8IdAu8kY2GvqET,0.2
rec5BIzkMJK3WN63K,rec98zP5dy7A5rjGX,0.2
rec5BIzkMJK3WN63K,recW8JI7X1eMwD1Sx,0.2
rec5BIzkMJK3WN63K,recleq5RNTKKnewqv,0.2
rec5BIzkMJK3WN63K,recwUkF63BaZKdF6O,0.2
rech52Jf9bEK876O7,recqS1AlLbQaDMKdl,0.2
rech52Jf9bEK876O7,recsnWdUvVNG5eCDN,0.2
rech52Jf9bEK876O7,recmhXLBHM0ojEUpM,0.2
rech52Jf9bEK876O7,recut02k6vw3EhbBd,0.2
rech52Jf9bEK876O7,recqzPUKUI6ea2waE,0.2
rech52Jf9bEK876O7,recmFjV3pyLOAWGZR,0.2
rech52Jf9bEK876O7,reckbbQ4bVXpT5tt6,0.2
rech52Jf9bEK876O7,recleq5RNTKKnewqv,0.2
rech52Jf9bEK876O7,recwUkF63BaZKdF6O,0.2
recqzPUKUI6ea2waE,recsnWdUvVNG5eCDN,0.2
recqzPUKUI6ea2waE,recut02k6vw3EhbBd,0.2
recqzPUKUI6ea2waE,recwUkF63BaZKdF6O,0.2
rec3BUU3HcprYrFE4,rec7XffGAW1gcsAQg,0.2
rec3BUU3HcprYrFE4,recEBTEser3AeIxN9,0.2
rec3BUU3HcprYrFE4,recqS1AlLbQaDMKdl,0.2
rec3BUU3HcprYrFE4,recsnWdUvVNG5eCDN,0.2
rec3BUU3HcprYrFE4,recYvzJa38wvW3has,0.2
rec3BUU3HcprYrFE4,recmhXLBHM0ojEUpM,0.2
rec3BUU3HcprYrFE4,recut02k6vw3EhbBd,0.2
rec3BUU3HcprYrFE4,recI6j7uyRpdQ6qbi,0.5
rec3BUU3HcprYrFE4,rec5BIzkMJK3WN63K,0.2
rec3BUU3HcprYrFE4,rech52Jf9bEK876O7,0.2
rec3BUU3HcprYrFE4,recqzPUKUI6ea2waE,0.2
rec3BUU3HcprYrFE4,rec7hWbjNjs4OaxbF,0.2
rec3BUU3HcprYrFE4,recmFjV3pyLOAWGZR,0.2
rec3BUU3HcprYrFE4,recVvhOJ4A5ACKHBD,0.2
rec3BUU3HcprYrFE4,reckbbQ4bVXpT5tt6,0.2
rec3BUU3HcprYrFE4,recPDAAowZvxOLfZG,0.2
rec3BUU3HcprYrFE4,recE9hTdJ1NcKeUUW,0.2
rec3BUU3HcprYrFE4,recNeR4Vz4k4rwiXu,0.2
rec3BUU3HcprYrFE4,rec6ru9wfN50dsya1,0.2
rec3BUU3HcprYrFE4,recB6JBdEYTlqjBiE,0.2
rec3BUU3HcprYrFE4,recgnLYgU1YVrXQRG,0.2
rec3BUU3HcprYrFE4,recg6nARD4SpvtM3q,0.2
rec3BUU3HcprYrFE4,rec9lpG4jsECuGnBj,0.2
rec3BUU3HcprYrFE4,recd3roXCrQWIrG43,0.2
rec3BUU3HcprYrFE4,rec8IdAu8kY2GvqET,0.2
rec3BUU3HcprYrFE4,rec98zP5dy7A5rjGX,0.2
rec3BUU3HcprYrFE4,recW8JI7X1eMwD1Sx,0.2
rec3BUU3HcprYrFE4,recleq5RNTKKnewqv,1.0
rec3BUU3HcprYrFE4,recwUkF63BaZKdF6O,0.2
rec7hWbjNjs4OaxbF,recEBTEser3AeIxN9,0.2
rec7hWbjNjs4OaxbF,recqS1AlLbQaDMKdl,0.2
rec7hWbjNjs4OaxbF,recsnWdUvVNG5eCDN,0.2
rec7hWbjNjs4OaxbF,recYvzJa38wvW3has,0.2
rec7hWbjNjs4OaxbF,recmhXLBHM0ojEUpM,0.2
rec7hWbjNjs4OaxbF,recut02k6vw3EhbBd,0.2
rec7hWbjNjs4OaxbF,recI6j7uyRpdQ6qbi,0.2
rec7hWbjNjs4OaxbF,rech52Jf9bEK876O7,0.2
rec7hWbjNjs4OaxbF,recqzPUKUI6ea2waE,0.2
rec7hWbjNjs4OaxbF,recmFjV3pyLOAWGZR,0.2
rec7hWbjNjs4OaxbF,recVvhOJ4A5ACKHBD,0.2
rec7hWbjNjs4OaxbF,reckbbQ4bVXpT5tt6,0.2
rec7hWbjNjs4OaxbF,recPDAAowZvxOLfZG,0.2
rec7hWbjNjs4OaxbF,recE9hTdJ1NcKeUUW,0.2
rec7hWbjNjs4OaxbF,recNeR4Vz4k4rwiXu,0.2
rec7hWbjNjs4OaxbF,recB6JBdEYTlqjBiE,0.2
rec7hWbjNjs4OaxbF,recgnLYgU1YVrXQRG,0.2
rec7hWbjNjs4OaxbF,recg6nARD4SpvtM3q,0.2
rec7hWbjNjs4OaxbF,rec9lpG4jsECuGnBj,0.2
rec7hWbjNjs4OaxbF,recd3roXCrQWIrG43,0.5
rec7hWbjNjs4OaxbF,rec8IdAu8kY2GvqET,0.2
rec7hWbjNjs4OaxbF,rec98zP5dy7A5rjGX,0.2
rec7hWbjNjs4OaxbF,recW8JI7X1eMwD1Sx,0.2
rec7hWbjNjs4OaxbF,recleq5RNTKKnewqv,0.2
rec7hWbjNjs4OaxbF,recwUkF63BaZKdF6O,0.5
rec0Nb9nLkQ1j326y,rec7XffGAW1gcsAQg,0.2
rec0Nb9nLkQ1j326y,recEBTEser3AeIxN9,0.2
rec0Nb9nLkQ1j326y,rec2t0Z05I5EAFVoo,0.2
rec0Nb9nLkQ1j326y,recqS1AlLbQaDMKdl,0.2
rec0Nb9nLkQ1j326y,recsnWdUvVNG5eCDN,0.2
rec0Nb9nLkQ1j326y,recYvzJa38wvW3has,0.2
rec0Nb9nLkQ1j326y,recmhXLBHM0ojEUpM,0.2
rec0Nb9nLkQ1j326y,recut02k6vw3EhbBd,0.2
rec0Nb9nLkQ1j326y,recI6j7uyRpdQ6qbi,0.2
rec0Nb9nLkQ1j326y,rec5BIzkMJK3WN63K,0.2
rec0Nb9nLkQ1j326y,rech52Jf9bEK876O7,0.2
rec0Nb9nLkQ1j326y,recqzPUKUI6ea2waE,0.2
rec0Nb9nLkQ1j326y,rec3BUU3HcprYrFE4,0.2
rec0Nb9nLkQ1j326y,rec7hWbjNjs4OaxbF,0.5
rec0Nb9nLkQ1j326y,recmFjV3pyLOAWGZR,0.2
rec0Nb9nLkQ1j326y,recVvhOJ4A5ACKHBD,0.2
rec0Nb9nLkQ1j326y,reckbbQ4bVXpT5tt6,0.2
rec0Nb9nLkQ1j326y,recPDAAowZvxOLfZG,0.2
rec0Nb9nLkQ1j326y,recE9hTdJ1NcKeUUW,0.2
rec0Nb9nLkQ1j326y,recNeR4Vz4k4rwiXu,0.2
rec0Nb9nLkQ1j326y,rec6ru9wfN50dsya1,0.2
rec0Nb9nLkQ1j326y,recB6JBdEYTlqjBiE,0.2
rec0Nb9nLkQ1j326y,recgnLYgU1YVrXQRG,0.2
rec0Nb9nLkQ1j326y,recg6nARD4SpvtM3q,0.2
rec0Nb9nLkQ1j326y,rec9lpG4jsECuGnBj,0.2
rec0Nb9nLkQ1j326y,recd3roXCrQWIrG43,0.5
rec0Nb9nLkQ1j326y,rec8IdAu8kY2GvqET,0.2
rec0Nb9nLkQ1j326y,rec98zP5dy7A5rjGX,0.2
rec0Nb9nLkQ1j326y,recW8JI7X1eMwD1Sx,0.2
rec0Nb9nLkQ1j326y,recleq5RNTKKnewqv,0.2
rec0Nb9nLkQ1j326y,recwUkF63BaZKdF6O,0.5
recmFjV3pyLOAWGZR,recqS1AlLbQaDMKdl,0.5
recmFjV3pyLOAWGZR,recsnWdUvVNG5eCDN,0.5
recmFjV3pyLOAWGZR,recmhXLBHM0ojEUpM,0.2
recmFjV3pyLOAWGZR,recut02k6vw3EhbBd,0.5
recmFjV3pyLOAWGZR,recqzPUKUI6ea2waE,0.2
recmFjV3pyLOAWGZR,recwUkF63BaZKdF6O,0.2
recVvhOJ4A5ACKHBD,recqS1AlLbQaDMKdl,0.2
recVvhOJ4A5ACKHBD,recsnWdUvVNG5eCDN,0.2
recVvhOJ4A5ACKHBD,recYvzJa38wvW3has,0.2
recVvhOJ4A5ACKHBD,recmhXLBHM0ojEUpM,0.2
recVvhOJ4A5ACKHBD,recut02k6vw3EhbBd,0.2
recVvhOJ4A5ACKHBD,rech52Jf9bEK876O7,0.2
recVvhOJ4A5ACKHBD,recqzPUKUI6ea2waE,0.5
recVvhOJ4A5ACKHBD,recmFjV3pyLOAWGZR,0.2
recVvhOJ4A5ACKHBD,reckbbQ4bVXpT5tt6,0.2
recVvhOJ4A5ACKHBD,recgnLYgU1YVrXQRG,0.2
recVvhOJ4A5ACKHBD,recg6nARD4SpvtM3q,0.2
recVvhOJ4A5ACKHBD,recd3roXCrQWIrG43,0.2
recVvhOJ4A5ACKHBD,recW8JI7X1eMwD1Sx,0.2
recVvhOJ4A5ACKHBD,recleq5RNTKKnewqv,0.2
recVvhOJ4A5ACKHBD,recwUkF63BaZKdF6O,0.2
reckbbQ4bVXpT5tt6,recstsaTLU4szkJ5G,0.2
reckbbQ4bVXpT5tt6,recqS1AlLbQaDMKdl,0.2
reckbbQ4bVXpT5tt6,recsnWdUvVNG5eCDN,0.2
reckbbQ4bVXpT5tt6,recmhXLBHM0ojEUpM,0.2
reckbbQ4bVXpT5tt6,recut02k6vw3EhbBd,0.2
reckbbQ4bVXpT5tt6,recqzPUKUI6ea2waE,0.2
reckbbQ4bVXpT5tt6,recmFjV3pyLOAWGZR,0.2
reckbbQ4bVXpT5tt6,recleq5RNTKKnewqv,0.2
reckbbQ4bVXpT5tt6,recwUkF63BaZKdF6O,0.2
recPDAAowZvxOLfZG,recqS1AlLbQaDMKdl,0.2
recPDAAowZvxOLfZG,recsnWdUvVNG5eCDN,0.2
recPDAAowZvxOLfZG,recYvzJa38wvW3has,0.2
recPDAAowZvxOLfZG,recmhXLBHM0ojEUpM,0.2
recPDAAowZvxOLfZG,recut02k6vw3EhbBd,0.2
recPDAAowZvxOLfZG,rech52Jf9bEK876O7,0.2
recPDAAowZvxOLfZG,recqzPUKUI6ea2waE,0.2
recPDAAowZvxOLfZG,recmFjV3pyLOAWGZR,0.2
recPDAAowZvxOLfZG,recVvhOJ4A5ACKHBD,0.2
recPDAAowZvxOLfZG,reckbbQ4bVXpT5tt6,0.2
recPDAAowZvxOLfZG,recgnLYgU1YVrXQRG,0.2
recPDAAowZvxOLfZG,recg6nARD4SpvtM3q,0.2
recPDAAowZvxOLfZG,recd3roXCrQWIrG43,0.2
recPDAAowZvxOLfZG,recW8JI7X1eMwD1Sx,0.2
recPDAAowZvxOLfZG,recleq5RNTKKnewqv,0.2
recPDAAowZvxOLfZG,recwUkF63BaZKdF6O,0.2
recE9hTdJ1NcKeUUW,recEBTEser3AeIxN9,0.2
recE9hTdJ1NcKeUUW,recqS1AlLbQaDMKdl,0.2
recE9hTdJ1NcKeUUW,recsnWdUvVNG5eCDN,0.2
recE9hTdJ1NcKeUUW,recYvzJa38wvW3has,0.2
recE9hTdJ1NcKeUUW,recmhXLBHM0ojEUpM,0.2
recE9hTdJ1NcKeUUW,recut02k6vw3EhbBd,0.2
recE9hTdJ1NcKeUUW,recI6j7uyRpdQ6qbi,0.2
recE9hTdJ1NcKeUUW,rech52Jf9bEK876O7,0.2
recE9hTdJ1NcKeUUW,recqzPUKUI6ea2waE,0.2
recE9hTdJ1NcKeUUW,recmFjV3pyLOAWGZR,0.2
recE9hTdJ1NcKeUUW,recVvhOJ4A5ACKHBD,0.2
recE9hTdJ1NcKeUUW,reckbbQ4bVXpT5tt6,0.2
recE9hTdJ1NcKeUUW,recPDAAowZvxOLfZG,0.2
recE9hTdJ1NcKeUUW,recNeR4Vz4k4rwiXu,0.2
recE9hTdJ1NcKeUUW,recgnLYgU1YVrXQRG,0.2
recE9hTdJ1NcKeUUW,recg6nARD4SpvtM3q,0.2
recE9hTdJ1NcKeUUW,recd3roXCrQWIrG43,0.2
recE9hTdJ1NcKeUUW,recW8JI7X1eMwD1Sx,0.2
recE9hTdJ1NcKeUUW,recleq5RNTKKnewqv,0.2
recE9hTdJ1NcKeUUW,recwUkF63BaZKdF6O,0.2
recNeR4Vz4k4rwiXu,recqS1AlLbQaDMKdl,0.2
recNeR4Vz4k4rwiXu,recsnWdUvVNG5eCDN,0.2
recNeR4Vz4k4rwiXu,recYvzJa38wvW3has,0.2
recNeR4Vz4k4rwiXu,recmhXLBHM0ojEUpM,0.2
recNeR4Vz4k4rwiXu,recut02k6vw3EhbBd,0.2
recNeR4Vz4k4rwiXu,rech52Jf9bEK876O7,0.2
recNeR4Vz4k4rwiXu,recqzPUKUI6ea2waE,0.2
recNeR4Vz4k4rwiXu,recmFjV3pyLOAWGZR,0.2
recNeR4Vz4k4rwiXu,recVvhOJ4A5ACKHBD,0.2
recNeR4Vz4k4rwiXu,reckbbQ4bVXpT5tt6,0.2
recNeR4Vz4k4rwiXu,recPDAAowZvxOLfZG,0.2
recNeR4Vz4k4rwiXu,recgnLYgU1YVrXQRG,0.2
recNeR4Vz4k4rwiXu,recg6nARD4SpvtM3q,0.2
recNeR4Vz4k4rwiXu,recd3roXCrQWIrG43,0.2
recNeR4Vz4k4rwiXu,recW8JI7X1eMwD1Sx,0.2
recNeR4Vz4k4rwiXu,recleq5RNTKKnewqv,0.2
recNeR4Vz4k4rwiXu,recwUkF63BaZKdF6O,0.2
rec6ru9wfN50dsya1,rec7XffGAW1gcsAQg,0.2
rec6ru9wfN50dsya1,recEBTEser3AeIxN9,0.2
rec6ru9wfN50dsya1,recqS1AlLbQaDMKdl,0.2
rec6ru9wfN50dsya1,recsnWdUvVNG5eCDN,0.2
rec6ru9wfN50dsya1,recYvzJa38wvW3has,0.2
rec6ru9wfN50dsya1,recmhXLBHM0ojEUpM,0.2
rec6ru9wfN50dsya1,recut02k6vw3EhbBd,0.2
rec6ru9wfN50dsya1,recI6j7uyRpdQ6qbi,0.2
rec6ru9wfN50dsya1,rech52Jf9bEK876O7,0.2
rec6ru9wfN50dsya1,recqzPUKUI6ea2waE,0.5
rec6ru9wfN50dsya1,rec7hWbjNjs4OaxbF,0.2
rec6ru9wfN50dsya1,recmFjV3pyLOAWGZR,0.2
rec6ru9wfN50dsya1,recVvhOJ4A5ACKHBD,0.2
rec6ru9wfN50dsya1,reckbbQ4bVXpT5tt6,0.2
rec6ru9wfN50dsya1,recPDAAowZvxOLfZG,0.2
rec6ru9wfN50dsya1,recE9hTdJ1NcKeUUW,0.2
rec6ru9wfN50dsya1,recNeR4Vz4k4rwiXu,0.2
rec6ru9wfN50dsya1,recB6JBdEYTlqjBiE,0.2
rec6ru9wfN50dsya1,recgnLYgU1YVrXQRG,0.2
rec6ru9wfN50dsya1,recg6nARD4SpvtM3q,0.2
rec6ru9wfN50dsya1,rec9lpG4jsECuGnBj,0.5
rec6ru9wfN50dsya1,recd3roXCrQWIrG43,0.2
rec6ru9wfN50dsya1,rec8IdAu8kY2GvqET,0.2
rec6ru9wfN50dsya1,rec98zP5dy7A5rjGX,0.2
rec6ru9wfN50dsya1,recW8JI7X1eMwD1Sx,0.2
rec6ru9wfN50dsya1,recleq5RNTKKnewqv,0.2
rec6ru9wfN50dsya1,recwUkF63BaZKdF6O,0.2
recB6JBdEYTlqjBiE,recEBTEser3AeIxN9,0.5
recB6JBdEYTlqjBiE,recqS1AlLbQaDMKdl,0.5
recB6JBdEYTlqjBiE,recsnWdUvVNG5eCDN,0.5
recB6JBdEYTlqjBiE,recYvzJa38wvW3has,0.2
recB6JBdEYTlqjBiE,recmhXLBHM0ojEUpM,0.2
recB6JBdEYTlqjBiE,recut02k6vw3EhbBd,0.5
recB6JBdEYTlqjBiE,recI6j7uyRpdQ6qbi,0.2
recB6JBdEYTlqjBiE,rech52Jf9bEK876O7,0.2
recB6JBdEYTlqjBiE,recqzPUKUI6ea2waE,0.2
recB6JBdEYTlqjBiE,recmFjV3pyLOAWGZR,0.5
recB6JBdEYTlqjBiE,recVvhOJ4A5ACKHBD,0.2
recB6JBdEYTlqjBiE,reckbbQ4bVXpT5tt6,0.2
recB6JBdEYTlqjBiE,recPDAAowZvxOLfZG,0.2
recB6JBdEYTlqjBiE,recE9hTdJ1NcKeUUW,0.2
recB6JBdEYTlqjBiE,recNeR4Vz4k4rwiXu,0.2
recB6JBdEYTlqjBiE,recgnLYgU1YVrXQRG,0.5
recB6JBdEYTlqjBiE,recg6nARD4SpvtM3q,0.2
recB6JBdEYTlqjBiE,recd3roXCrQWIrG43,0.2
recB6JBdEYTlqjBiE,recW8JI7X1eMwD1Sx,1.0
recB6JBdEYTlqjBiE,recleq5RNTKKnewqv,0.2
recB6JBdEYTlqjBiE,recwUkF63BaZKdF6O,0.2
recgnLYgU1YVrXQRG,recqS1AlLbQaDMKdl,0.5
recgnLYgU1YVrXQRG,recsnWdUvVNG5eCDN,0.5
recgnLYgU1YVrXQRG,recmhXLBHM0ojEUpM,0.2
recgnLYgU1YVrXQRG,recut02k6vw3EhbBd,0.5
recgnLYgU1YVrXQRG,rech52Jf9bEK876O7,0.2
recgnLYgU1YVrXQRG,recqzPUKUI6ea2waE,0.2
recgnLYgU1YVrXQRG,recmFjV3pyLOAWGZR,0.5
recgnLYgU1YVrXQRG,reckbbQ4bVXpT5tt6,0.2
recgnLYgU1YVrXQRG,recleq5RNTKKnewqv,0.2
recgnLYgU1YVrXQRG,recwUkF63BaZKdF6O,0.2
recg6nARD4SpvtM3q,recqS1AlLbQaDMKdl,0.2
recg6nARD4SpvtM3q,recsnWdUvVNG5eCDN,0.2
recg6nARD4SpvtM3q,recmhXLBHM0ojEUpM,0.2
recg6nARD4SpvtM3q,recut02k6vw3EhbBd,0.2
recg6nARD4SpvtM3q,rech52Jf9bEK876O7,0.2
recg6nARD4SpvtM3q,recqzPUKUI6ea2waE,0.2
recg6nARD4SpvtM3q,recmFjV3pyLOAWGZR,0.2
recg6nARD4SpvtM3q,reckbbQ4bVXpT5tt6,0.2
recg6nARD4SpvtM3q,recgnLYgU1YVrXQRG,0.2
recg6nARD4SpvtM3q,recleq5RNTKKnewqv,0.2
recg6nARD4SpvtM3q,recwUkF63BaZKdF6O,0.2
rec9lpG4jsECuGnBj,recEBTEser3AeIxN9,0.2
rec9lpG4jsECuGnBj,recqS1AlLbQaDMKdl,0.2
rec9lpG4jsECuGnBj,recsnWdUvVNG5eCDN,0.2
rec9lpG4jsECuGnBj,recYvzJa38wvW3has,0.2
rec9lpG4jsECuGnBj,recmhXLBHM0ojEUpM,0.2
rec9lpG4jsECuGnBj,recut02k6vw3EhbBd,0.2
rec9lpG4jsECuGnBj,recI6j7uyRpdQ6qbi,0.2
rec9lpG4jsECuGnBj,rech52Jf9bEK876O7,0.2
rec9lpG4jsECuGnBj,recqzPUKUI6ea2waE,0.5
rec9lpG4jsECuGnBj,recmFjV3pyLOAWGZR,0.2
rec9lpG4jsECuGnBj,recVvhOJ4A5ACKHBD,0.2
rec9lpG4jsECuGnBj,reckbbQ4bVXpT5tt6,0.2
rec9lpG4jsECuGnBj,recPDAAowZvxOLfZG,0.2
rec9lpG4jsECuGnBj,recE9hTdJ1NcKeUUW,0.2
rec9lpG4jsECuGnBj,recNeR4Vz4k4rwiXu,0.2
rec9lpG4jsECuGnBj,recB6JBdEYTlqjBiE,0.2
rec9lpG4jsECuGnBj,recgnLYgU1YVrXQRG,0.2
rec9lpG4jsECuGnBj,recg6nARD4SpvtM3q,0.2
rec9lpG4jsECuGnBj,recd3roXCrQWIrG43,0.2
rec9lpG4jsECuGnBj,recW8JI7X1eMwD1Sx,0.2
rec9lpG4jsECuGnBj,recleq5RNTKKnewqv,0.2
rec9lpG4jsECuGnBj,recwUkF63BaZKdF6O,0.2
recd3roXCrQWIrG43,recqS1AlLbQaDMKdl,0.2
recd3roXCrQWIrG43,recsnWdUvVNG5eCDN,0.2
recd3roXCrQWIrG43,recmhXLBHM0ojEUpM,0.2
recd3roXCrQWIrG43,recut02k6vw3EhbBd,0.2
recd3roXCrQWIrG43,rech52Jf9bEK876O7,0.2
recd3roXCrQWIrG43,recqzPUKUI6ea2waE,0.2
recd3roXCrQWIrG43,recmFjV3pyLOAWGZR,0.2
recd3roXCrQWIrG43,reckbbQ4bVXpT5tt6,0.2
recd3roXCrQWIrG43,recgnLYgU1YVrXQRG,0.2
recd3roXCrQWIrG43,recg6nARD4SpvtM3q,0.2
recd3roXCrQWIrG43,recleq5RNTKKnewqv,0.2
recd3roXCrQWIrG43,recwUkF63BaZKdF6O,0.5
rec8IdAu8kY2GvqET,recEBTEser3AeIxN9,0.2
rec8IdAu8kY2GvqET,recqS1AlLbQaDMKdl,0.2
rec8IdAu8kY2GvqET,recsnWdUvVNG5eCDN,0.2
rec8IdAu8kY2GvqET,recYvzJa38wvW3has,0.2
rec8IdAu8kY2GvqET,recmhXLBHM0ojEUpM,0.2
rec8IdAu8kY2GvqET,recut02k6vw3EhbBd,0.2
rec8IdAu8kY2GvqET,recI6j7uyRpdQ6qbi,0.2
rec8IdAu8kY2GvqET,rech52Jf9bEK876O7,0.2
rec8IdAu8kY2GvqET,recqzPUKUI6ea2waE,0.2
rec8IdAu8kY2GvqET,recmFjV3pyLOAWGZR,0.2
rec8IdAu8kY2GvqET,recVvhOJ4A5ACKHBD,0.2
rec8IdAu8kY2GvqET,reckbbQ4bVXpT5tt6,0.2
rec8IdAu8kY2GvqET,recPDAAowZvxOLfZG,0.2
rec8IdAu8kY2GvqET,recE9hTdJ1NcKeUUW,0.2
rec8IdAu8kY2GvqET,recNeR4Vz4k4rwiXu,0.2
rec8IdAu8kY2GvqET,recB6JBdEYTlqjBiE,0.2
rec8IdAu8kY2GvqET,recgnLYgU1YVrXQRG,0.2
rec8IdAu8kY2GvqET,recg6nARD4SpvtM3q,0.2
rec8IdAu8kY2GvqET,rec9lpG4jsECuGnBj,0.2
rec8IdAu8kY2GvqET,recd3roXCrQWIrG43,0.2
rec8IdAu8kY2GvqET,rec98zP5dy7A5rjGX,0.2
rec8IdAu8kY2GvqET,recW8JI7X1eMwD1Sx,0.2
rec8IdAu8kY2GvqET,recleq5RNTKKnewqv,0.2
rec8IdAu8kY2GvqET,recwUkF63BaZKdF6O,0.2
rec98zP5dy7A5rjGX,recEBTEser3AeIxN9,0.5
rec98zP5dy7A5rjGX,recqS1AlLbQaDMKdl,0.5
rec98zP5dy7A5rjGX,recsnWdUvVNG5eCDN,0.5
rec98zP5dy7A5rjGX,recYvzJa38wvW3has,0.2
rec98zP5dy7A5rjGX,recmhXLBHM0ojEUpM,0.2
rec98zP5dy7A5rjGX,recut02k6vw3EhbBd,0.5
rec98zP5dy7A5rjGX,recI6j7uyRpdQ6qbi,0.2
rec98zP5dy7A5rjGX,rech52Jf9bEK876O7,0.2
rec98zP5dy7A5rjGX,recqzPUKUI6ea2waE,0.2
rec98zP5dy7A5rjGX,recmFjV3pyLOAWGZR,0.5
rec98zP5dy7A5rjGX,recVvhOJ4A5ACKHBD,0.2
rec98zP5dy7A5rjGX,reckbbQ4bVXpT5tt6,0.2
rec98zP5dy7A5rjGX,recPDAAowZvxOLfZG,0.2
rec98zP5dy7A5rjGX,recE9hTdJ1NcKeUUW,0.2
rec98zP5dy7A5rjGX,recNeR4Vz4k4rwiXu,0.2
rec98zP5dy7A5rjGX,recB6JBdEYTlqjBiE,0.5
rec98zP5dy7A5rjGX,recgnLYgU1YVrXQRG,0.5
rec98zP5dy7A5rjGX,recg6nARD4SpvtM3q,0.2
rec98zP5dy7A5rjGX,rec9lpG4jsECuGnBj,0.2
rec98zP5dy7A5rjGX,recd3roXCrQWIrG43,0.2
rec98zP5dy7A5rjGX,recW8JI7X1eMwD1Sx,0.5
rec98zP5dy7A5rjGX,recleq5RNTKKnewqv,0.2
rec98zP5dy7A5rjGX,recwUkF63BaZKdF6O,0.2
recW8JI7X1eMwD1Sx,recqS1AlLbQaDMKdl,0.5
recW8JI7X1eMwD1Sx,recsnWdUvVNG5eCDN,0.5
recW8JI7X1eMwD1Sx,recYvzJa38wvW3has,0.2
recW8JI7X1eMwD1Sx,recmhXLBHM0ojEUpM,0.2
recW8JI7X1eMwD1Sx,recut02k6vw3EhbBd,0.5
recW8JI7X1eMwD1Sx,rech52Jf9bEK876O7,0.2
recW8JI7X1eMwD1Sx,recqzPUKUI6ea2waE,0.2
recW8JI7X1eMwD1Sx,recmFjV3pyLOAWGZR,0.5
recW8JI7X1eMwD1Sx,reckbbQ4bVXpT5tt6,0.2
recW8JI7X1eMwD1Sx,recgnLYgU1YVrXQRG,0.5
recW8JI7X1eMwD1Sx,recg6nARD4SpvtM3q,0.2
recW8JI7X1eMwD1Sx,recd3roXCrQWIrG43,0.2
recW8JI7X1eMwD1Sx,recleq5RNTKKnewqv,0.2
recW8JI7X1eMwD1Sx,recwUkF63BaZKdF6O,0.2
recleq5RNTKKnewqv,recqS1AlLbQaDMKdl,0.2
recleq5RNTKKnewqv,recsnWdUvVNG5eCDN,0.2
recleq5RNTKKnewqv,recmhXLBHM0ojEUpM,0.2
recleq5RNTKKnewqv,recut02k6vw3EhbBd,0.2
recleq5RNTKKnewqv,recqzPUKUI6ea2waE,0.2
recleq5RNTKKnewqv,recmFjV3pyLOAWGZR,0.2
recleq5RNTKKnewqv,recwUkF63BaZKdF6O,0.2
